Workbook

Sheet Stages
A1: Id | B1: NameId | C1: AchieveTextId | D1: Selectable | E1: StageLv | F1: Turns | G1: InitMembers | H1: RandomTroopCount | I1: BGMId | J1: BossBGMId | K1: BackGround | L1: StageRect | M1: Reborn | N1: Alcana | O1: SaveLimit | P1: ContinueLimit | Q1: RankingStage | R1: SlotSave | S1: SubordinateValue | T1: UseSlot
A2: 0 | B2: 1 | C2: 10001 | D2: 0 | E2: 0 | F2: -1 | G2: 1,2,3,4,5,6,7,8,9,10,11 | H2: 15 | I2: 3 | J2: 11 | K2: NA_background image_3D like_404 | L2: 80 | M2: 0 | N2: 0 | O2: 4 | P2: 2 | Q2: 0 | R2: 0 | S2: 0 | T2: 0
A3: 1 | B3: 1 | C3: 10001 | D3: 1 | E3: 0 | F3: -1 | G3: 1,2,3,4,5,6,7,8,9,10,11 | H3: 15 | I3: 3 | J3: 11 | K3: NA_background image_3D like_404 | L3: 80 | M3: 0 | N3: 0 | O3: 4 | P3: 2 | Q3: 0 | R3: 0 | S3: 0 | T3: 0
A4: 2 | B4: 2 | C4: 10001 | D4: 1 | E4: 10 | F4: -1 | G4: 1,2,3,4,5,6,7,8,9,10,11 | H4: 15 | I4: 3 | J4: 11 | K4: clipart _0147 | L4: 80 | M4: 0 | N4: 0 | O4: 4 | P4: 2 | Q4: 0 | R4: 0 | S4: 0 | T4: 0
A5: 3 | B5: 3 | C5: 10001 | D5: 1 | E5: 20 | F5: -1 | G5: 1,2,3,4,5,6,7,8,9,10,11 | H5: 15 | I5: 3 | J5: 11 | K5: NA_background image_3D like_140 | L5: 80 | M5: 0 | N5: 0 | O5: 4 | P5: 2 | Q5: 0 | R5: 0 | S5: 0 | T5: 0
A6: 4 | B6: 4 | C6: 10001 | D6: 1 | E6: 30 | F6: -1 | G6: 1,2,3,4,5,6,7,8,9,10,11 | H6: 15 | I6: 3 | J6: 11 | K6: NA_background image_3D like_094 | L6: 80 | M6: 0 | N6: 0 | O6: 4 | P6: 2 | Q6: 0 | R6: 0 | S6: 0 | T6: 0
A7: 5 | B7: 5 | C7: 10001 | D7: 1 | E7: 40 | F7: -1 | G7: 1,2,3,4,5,6,7,8,9,10,11 | H7: 15 | I7: 3 | J7: 11 | K7: NA_Background image_Modern_012 | L7: 80 | M7: 0 | N7: 0 | O7: 4 | P7: 2 | Q7: 0 | R7: 0 | S7: 0 | T7: 0
A8: 6 | B8: 6 | C8: 10001 | D8: 1 | E8: 50 | F8: -1 | G8: 1,2,3,4,5,6,7,8,9,10,11 | H8: 15 | I8: 5 | J8: 16 | K8: NA_background image_3D like_365 | L8: 80 | M8: 0 | N8: 0 | O8: 4 | P8: 2 | Q8: 0 | R8: 0 | S8: 0 | T8: 0
A9: 7 | B9: 7 | C9: 10001 | D9: 1 | E9: 60 | F9: -1 | G9: 1,2,3,4,5,6,7,8,9,10,11 | H9: 15 | I9: 3 | J9: 11 | K9: NA_background image_3D like_404 | L9: 80 | M9: 0 | N9: 0 | O9: 4 | P9: 2 | Q9: 0 | R9: 0 | S9: 0 | T9: 0
A10: 8 | B10: 8 | C10: 10001 | D10: 1 | E10: 70 | F10: -1 | G10: 1,2,3,4,5,6,7,8,9,10,11 | H10: 15 | I10: 3 | J10: 11 | K10: NA_background image_3D like_404 | L10: 80 | M10: 0 | N10: 0 | O10: 4 | P10: 2 | Q10: 0 | R10: 0 | S10: 0 | T10: 0
A11: 100 | B11: 1 | C11: 10001 | D11: 0 | E11: 1 | F11: -1 | G11: 1,2,3,4,5,6,7,8,9,10,11 | H11: 15 | I11: 3 | J11: 11 | K11: NA_background image_3D like_404 | L11: 80 | M11: 0 | N11: 0 | O11: 4 | P11: 2 | Q11: 0 | R11: 0 | S11: 0 | T11: 0

Sheet StageEvents
A1: Id | B1: Turns | C1: Timing | D1: _ | E1: Type | F1: _ | G1: Param | H1: ReadFlag
A2: 1 | B2: 1 | C2: 1 | D2: =INDEX(Define!B:B,MATCH(C2,Define!A:A)) -> Tactics開始 | E2: 1 | F2: =INDEX(Define!E:E,MATCH(E2,Define!D:D)) -> コマンドを制限する | G2: 6 | H2: 0
A3: 1 | B3: 1 | C3: 1 | D3: =INDEX(Define!B:B,MATCH(C3,Define!A:A)) -> Tactics開始 | E3: 1 | F3: =INDEX(Define!E:E,MATCH(E3,Define!D:D)) -> コマンドを制限する | G3: 6 | H3: 0
A4: 1 | B4: 1 | C4: 1 | D4: =INDEX(Define!B:B,MATCH(C4,Define!A:A)) -> Tactics開始 | E4: 1 | F4: =INDEX(Define!E:E,MATCH(E4,Define!D:D)) -> コマンドを制限する | G4: 6 | H4: 0

Sheet StageSymbols
A1: Id | B1: Seek | C1: SeekIndex | D1: SymbolType | F1: Rate | G1: Param1 | H1: Param2 | I1: PrizeSetId | J1: ClearCount
A2: 0 | B2: 0 | C2: 0 | D2: 8 | E2: =INDEX(Define!J:J,MATCH(D2,Define!I:I)) -> SelectActor | F2: 100 | G2: 0 | H2: 0 | I2: 252 | J2: 0 | K2: 開始時に入手
A3: 1 | B3: 0 | C3: 0 | D3: 1 | E3: =INDEX(Define!J:J,MATCH(D3,Define!I:I)) -> Battle | F3: 100 | G3: -1 | H3: 0 | I3: 0 | J3: 0 | K3: Seek=0でランダム生成用
A4: 1 | B4: 1 | C4: 0 | D4: 1 | E4: =INDEX(Define!J:J,MATCH(D4,Define!I:I)) -> Battle | F4: 100 | G4: 1011 | H4: 0 | I4: 1011 | J4: 0 | K4: ウルフソウル
A5: 1 | B5: 2 | C5: 0 | D5: 6 | E5: =INDEX(Define!J:J,MATCH(D5,Define!I:I)) -> Resource | F5: 100 | G5: 15 | H5: 0 | I5: 0 | J5: 0 | K5: リソース
A6: 1 | B6: 3 | C6: 0 | D6: 1 | E6: =INDEX(Define!J:J,MATCH(D6,Define!I:I)) -> Battle | F6: 100 | G6: 1031 | H6: 0 | I6: 1031 | J6: 0 | K6: 中ボス
A7: 1 | B7: 3 | C7: 1 | D7: 1 | E7: =INDEX(Define!J:J,MATCH(D7,Define!I:I)) -> Battle | F7: 100 | G7: 1032 | H7: 0 | I7: 1032 | J7: 2 | K7: 中ボス
A8: 1 | B8: 4 | C8: 0 | D8: 1 | E8: =INDEX(Define!J:J,MATCH(D8,Define!I:I)) -> Battle | F8: 100 | G8: 1041 | H8: 0 | I8: 1041 | J8: 0 | K8: エクステンド
A9: 1 | B9: 4 | C9: 1 | D9: 1 | E9: =INDEX(Define!J:J,MATCH(D9,Define!I:I)) -> Battle | F9: 100 | G9: 1042 | H9: 0 | I9: 1042 | J9: 0 | K9: アーマーコード
A10: 1 | B10: 5 | C10: 0 | D10: 1 | E10: =INDEX(Define!J:J,MATCH(D10,Define!I:I)) -> Battle | F10: 100 | G10: 1051 | H10: 0 | I10: 1051 | J10: 0 | K10: ホープフルアイリス
A11: 1 | B11: 5 | C11: 1 | D11: 1 | E11: =INDEX(Define!J:J,MATCH(D11,Define!I:I)) -> Battle | F11: 100 | G11: 1052 | H11: 0 | I11: 1052 | J11: 0 | K11: イーグルアイ
A12: 1 | B12: 6 | C12: 0 | D12: 2 | E12: =INDEX(Define!J:J,MATCH(D12,Define!I:I)) -> Boss | F12: 100 | G12: 1101 | H12: 0 | I12: 1101 | J12: 0 | K12: ボス戦
A13: 1 | B13: 7 | C13: 0 | D13: 8 | E13: =INDEX(Define!J:J,MATCH(D13,Define!I:I)) -> SelectActor | F13: 100 | G13: 2 | H13: -1 | I13: 0 | J13: 0 | K13: 仲間選択 3人までランダム
A14: 2 | B14: 0 | C14: 0 | D14: 1 | E14: =INDEX(Define!J:J,MATCH(D14,Define!I:I)) -> Battle | F14: 100 | G14: -1 | H14: 0 | I14: 0 | J14: 0 | K14: Seek=0でランダム生成用
A15: 2 | B15: 1 | C15: 0 | D15: -1 | E15: =INDEX(Define!J:J,MATCH(D15,Define!I:I)) -> Random | F15: 100 | G15: 0 | H15: 0 | I15: 0 | J15: 0
A16: 2 | B16: 1 | C16: 1 | D16: -1 | E16: =INDEX(Define!J:J,MATCH(D16,Define!I:I)) -> Random | F16: 100 | G16: 0 | H16: 0 | I16: 0 | J16: 0
A17: 2 | B17: 2 | C17: 0 | D17: 201 | E17: =INDEX(Define!J:J,MATCH(D17,Define!I:I)) -> Group | F17: 100 | G17: 0 | H17: 0 | I17: 0 | J17: 0 | K17: 火属性ランダムドロップ
A18: 2 | B18: 2 | C18: 1 | D18: 202 | E18: =INDEX(Define!J:J,MATCH(D18,Define!I:I)) -> Group | F18: 100 | G18: 0 | H18: 0 | I18: 0 | J18: 0 | K18: 雷属性ランダムドロップ
A19: 2 | B19: 2 | C19: 2 | D19: 203 | E19: =INDEX(Define!J:J,MATCH(D19,Define!I:I)) -> Group | F19: 100 | G19: 0 | H19: 0 | I19: 0 | J19: 0 | K19: 氷属性ランダムドロップ
A20: 2 | B20: 3 | C20: 0 | D20: 204 | E20: =INDEX(Define!J:J,MATCH(D20,Define!I:I)) -> Group | F20: 100 | G20: 0 | H20: 0 | I20: 0 | J20: 0 | K20: 光属性ランダムドロップ
A21: 2 | B21: 3 | C21: 1 | D21: 205 | E21: =INDEX(Define!J:J,MATCH(D21,Define!I:I)) -> Group | F21: 100 | G21: 0 | H21: 0 | I21: 0 | J21: 0 | K21: 闇属性ランダムドロップ
A22: 2 | B22: 4 | C22: 0 | D22: 1 | E22: =INDEX(Define!J:J,MATCH(D22,Define!I:I)) -> Battle | F22: 100 | G22: 2041 | H22: 0 | I22: 2041 | J22: 0 | K22: 中ボス
A23: 2 | B23: 4 | C23: 1 | D23: 1 | E23: =INDEX(Define!J:J,MATCH(D23,Define!I:I)) -> Battle | F23: 100 | G23: 2042 | H23: 0 | I23: 2042 | J23: 2 | K23: 中ボスハード
A24: 2 | B24: 5 | C24: 0 | D24: 6 | E24: =INDEX(Define!J:J,MATCH(D24,Define!I:I)) -> Resource | F24: 100 | G24: 15 | H24: 0 | I24: 0 | J24: 0
A25: 2 | B25: 5 | C25: 1 | D25: 4 | E25: =INDEX(Define!J:J,MATCH(D25,Define!I:I)) -> Alcana | F25: 100 | G25: -1 | H25: 10 | I25: 0 | J25: 0 | K25: 魔法ランダムランク10
A26: 2 | B26: 6 | C26: 0 | D26: 2 | E26: =INDEX(Define!J:J,MATCH(D26,Define!I:I)) -> Boss | F26: 100 | G26: 2101 | H26: 0 | I26: 2101 | J26: 0 | K26: ボス戦
A27: 2 | B27: 6 | C27: 1 | D27: 2 | E27: =INDEX(Define!J:J,MATCH(D27,Define!I:I)) -> Boss | F27: 100 | G27: 2102 | H27: 0 | I27: 2102 | J27: 2 | K27: ボス戦
A28: 2 | B28: 7 | C28: 0 | D28: 8 | E28: =INDEX(Define!J:J,MATCH(D28,Define!I:I)) -> SelectActor | F28: 100 | G28: 4 | H28: -1 | I28: 0 | J28: 0 | K28: 仲間選択 3人までランダム
A29: 2 | B29: 7 | C29: 1 | D29: 4 | E29: =INDEX(Define!J:J,MATCH(D29,Define!I:I)) -> Alcana | F29: 100 | G29: -1 | H29: 200 | I29: 0 | J29: 0 | K29: レリック
A30: 3 | B30: 0 | C30: 0 | D30: 1 | E30: =INDEX(Define!J:J,MATCH(D30,Define!I:I)) -> Battle | F30: 90 | G30: -1 | H30: 0 | I30: 0 | J30: 0 | K30: Seek=0でランダム生成用
A31: 3 | B31: 0 | C31: 0 | D31: 6 | E31: =INDEX(Define!J:J,MATCH(D31,Define!I:I)) -> Resource | F31: 5 | G31: 10 | H31: 0 | I31: 0 | J31: 0 | K31: Seek=0でランダム生成用
A32: 3 | B32: 0 | C32: 0 | D32: 6 | E32: =INDEX(Define!J:J,MATCH(D32,Define!I:I)) -> Resource | F32: 3 | G32: 20 | H32: 0 | I32: 0 | J32: 0 | K32: Seek=0でランダム生成用
A33: 3 | B33: 0 | C33: 0 | D33: 6 | E33: =INDEX(Define!J:J,MATCH(D33,Define!I:I)) -> Resource | F33: 2 | G33: 30 | H33: 0 | I33: 0 | J33: 0 | K33: Seek=0でランダム生成用
A34: 3 | B34: 1 | C34: 0 | D34: -1 | E34: =INDEX(Define!J:J,MATCH(D34,Define!I:I)) -> Random | F34: 100 | G34: 0 | H34: 0 | I34: 0 | J34: 0
A35: 3 | B35: 1 | C35: 1 | D35: -1 | E35: =INDEX(Define!J:J,MATCH(D35,Define!I:I)) -> Random | F35: 100 | G35: 0 | H35: 0 | I35: 0 | J35: 0
A36: 3 | B36: 2 | C36: 0 | D36: -1 | E36: =INDEX(Define!J:J,MATCH(D36,Define!I:I)) -> Random | F36: 100 | G36: 0 | H36: 0 | I36: 0 | J36: 0
A37: 3 | B37: 2 | C37: 1 | D37: -1 | E37: =INDEX(Define!J:J,MATCH(D37,Define!I:I)) -> Random | F37: 100 | G37: 0 | H37: 0 | I37: 0 | J37: 0
A38: 3 | B38: 2 | C38: 2 | D38: 9 | E38: =INDEX(Define!J:J,MATCH(D38,Define!I:I)) -> Shop | F38: 100 | G38: -1 | H38: 0 | I38: 0 | J38: 0 | K38: ショップ
A39: 3 | B39: 3 | C39: 0 | D39: -1 | E39: =INDEX(Define!J:J,MATCH(D39,Define!I:I)) -> Random | F39: 100 | G39: 0 | H39: 0 | I39: 0 | J39: 0
A40: 3 | B40: 3 | C40: 1 | D40: -1 | E40: =INDEX(Define!J:J,MATCH(D40,Define!I:I)) -> Random | F40: 100 | G40: 0 | H40: 0 | I40: 0 | J40: 0
A41: 3 | B41: 4 | C41: 0 | D41: 1 | E41: =INDEX(Define!J:J,MATCH(D41,Define!I:I)) -> Battle | F41: 100 | G41: 3041 | H41: 0 | I41: 3041 | J41: 0 | K41: 中ボス
A42: 3 | B42: 4 | C42: 1 | D42: 1 | E42: =INDEX(Define!J:J,MATCH(D42,Define!I:I)) -> Battle | F42: 100 | G42: 3042 | H42: 0 | I42: 3042 | J42: 2 | K42: 中ボスハード
A43: 3 | B43: 5 | C43: 0 | D43: 6 | E43: =INDEX(Define!J:J,MATCH(D43,Define!I:I)) -> Resource | F43: 100 | G43: 25 | H43: 0 | I43: 0 | J43: 0
A44: 3 | B44: 5 | C44: 1 | D44: 4 | E44: =INDEX(Define!J:J,MATCH(D44,Define!I:I)) -> Alcana | F44: 100 | G44: -1 | H44: 10 | I44: 0 | J44: 0 | K44: 魔法ランダムランク10
A45: 3 | B45: 6 | C45: 0 | D45: 2 | E45: =INDEX(Define!J:J,MATCH(D45,Define!I:I)) -> Boss | F45: 100 | G45: 3101 | H45: 0 | I45: 3101 | J45: 0 | K45: ボス戦
A46: 3 | B46: 6 | C46: 1 | D46: 2 | E46: =INDEX(Define!J:J,MATCH(D46,Define!I:I)) -> Boss | F46: 100 | G46: 3102 | H46: 0 | I46: 3102 | J46: 2 | K46: ボス戦ハード
A47: 3 | B47: 7 | C47: 0 | D47: 8 | E47: =INDEX(Define!J:J,MATCH(D47,Define!I:I)) -> SelectActor | F47: 100 | G47: 0 | H47: -1 | I47: 0 | J47: 0 | K47: 仲間選択 3人までランダム
A48: 3 | B48: 7 | C48: 1 | D48: 4 | E48: =INDEX(Define!J:J,MATCH(D48,Define!I:I)) -> Alcana | F48: 100 | G48: -1 | H48: 200 | I48: 0 | J48: 0 | K48: レリック
A49: 4 | B49: 0 | C49: 0 | D49: 1 | E49: =INDEX(Define!J:J,MATCH(D49,Define!I:I)) -> Battle | F49: 93 | G49: -1 | H49: 0 | I49: 0 | J49: 0 | K49: Seek=0でランダム生成用
A50: 4 | B50: 0 | C50: 0 | D50: 6 | E50: =INDEX(Define!J:J,MATCH(D50,Define!I:I)) -> Resource | F50: 4 | G50: 20 | H50: 0 | I50: 0 | J50: 0 | K50: Seek=0でランダム生成用
A51: 4 | B51: 0 | C51: 0 | D51: 6 | E51: =INDEX(Define!J:J,MATCH(D51,Define!I:I)) -> Resource | F51: 2 | G51: 30 | H51: 0 | I51: 0 | J51: 0 | K51: Seek=0でランダム生成用
A52: 4 | B52: 0 | C52: 0 | D52: 6 | E52: =INDEX(Define!J:J,MATCH(D52,Define!I:I)) -> Resource | F52: 1 | G52: 40 | H52: 0 | I52: 0 | J52: 0 | K52: Seek=0でランダム生成用
A53: 4 | B53: 1 | C53: 0 | D53: -1 | E53: =INDEX(Define!J:J,MATCH(D53,Define!I:I)) -> Random | F53: 100 | G53: 0 | H53: 0 | I53: 0 | J53: 0
A54: 4 | B54: 1 | C54: 1 | D54: -1 | E54: =INDEX(Define!J:J,MATCH(D54,Define!I:I)) -> Random | F54: 100 | G54: 0 | H54: 0 | I54: 0 | J54: 0
A55: 4 | B55: 2 | C55: 0 | D55: -1 | E55: =INDEX(Define!J:J,MATCH(D55,Define!I:I)) -> Random | F55: 100 | G55: 0 | H55: 0 | I55: 0 | J55: 0
A56: 4 | B56: 2 | C56: 1 | D56: -1 | E56: =INDEX(Define!J:J,MATCH(D56,Define!I:I)) -> Random | F56: 100 | G56: 0 | H56: 0 | I56: 0 | J56: 0
A57: 4 | B57: 2 | C57: 2 | D57: 9 | E57: =INDEX(Define!J:J,MATCH(D57,Define!I:I)) -> Shop | F57: 100 | G57: -1 | H57: 0 | I57: 0 | J57: 0 | K57: ショップ
A58: 4 | B58: 3 | C58: 0 | D58: -1 | E58: =INDEX(Define!J:J,MATCH(D58,Define!I:I)) -> Random | F58: 100 | G58: 0 | H58: 0 | I58: 0 | J58: 0
A59: 4 | B59: 3 | C59: 1 | D59: -1 | E59: =INDEX(Define!J:J,MATCH(D59,Define!I:I)) -> Random | F59: 100 | G59: 0 | H59: 0 | I59: 0 | J59: 0
A60: 4 | B60: 4 | C60: 0 | D60: 1 | E60: =INDEX(Define!J:J,MATCH(D60,Define!I:I)) -> Battle | F60: 100 | G60: 4041 | H60: 0 | I60: 4041 | J60: 0 | K60: 中ボス
A61: 4 | B61: 4 | C61: 1 | D61: 1 | E61: =INDEX(Define!J:J,MATCH(D61,Define!I:I)) -> Battle | F61: 100 | G61: 4042 | H61: 0 | I61: 4042 | J61: 2 | K61: 中ボスハード
A62: 4 | B62: 5 | C62: 0 | D62: 6 | E62: =INDEX(Define!J:J,MATCH(D62,Define!I:I)) -> Resource | F62: 100 | G62: 40 | H62: 0 | I62: 0 | J62: 0
A63: 4 | B63: 5 | C63: 1 | D63: 4 | E63: =INDEX(Define!J:J,MATCH(D63,Define!I:I)) -> Alcana | F63: 100 | G63: -1 | H63: 20 | I63: 0 | J63: 0 | K63: 魔法ランダムランク20
A64: 4 | B64: 6 | C64: 0 | D64: 2 | E64: =INDEX(Define!J:J,MATCH(D64,Define!I:I)) -> Boss | F64: 100 | G64: 4101 | H64: 0 | I64: 4101 | J64: 0 | K64: ボス戦
A65: 4 | B65: 6 | C65: 1 | D65: 2 | E65: =INDEX(Define!J:J,MATCH(D65,Define!I:I)) -> Boss | F65: 100 | G65: 4102 | H65: 0 | I65: 4102 | J65: 2 | K65: ボス戦ハード
A66: 4 | B66: 7 | C66: 0 | D66: 8 | E66: =INDEX(Define!J:J,MATCH(D66,Define!I:I)) -> SelectActor | F66: 100 | G66: 0 | H66: -1 | I66: 0 | J66: 0 | K66: 仲間選択 3人までランダム
A67: 4 | B67: 7 | C67: 1 | D67: 4 | E67: =INDEX(Define!J:J,MATCH(D67,Define!I:I)) -> Alcana | F67: 100 | G67: -1 | H67: 200 | I67: 0 | J67: 0 | K67: レリック
A68: 5 | B68: 0 | C68: 0 | D68: 1 | E68: =INDEX(Define!J:J,MATCH(D68,Define!I:I)) -> Battle | F68: 80 | G68: -1 | H68: 0 | I68: 0 | J68: 0 | K68: Seek=0でランダム生成用
A69: 5 | B69: 0 | C69: 0 | D69: 5 | E69: =INDEX(Define!J:J,MATCH(D69,Define!I:I)) -> Actor | F69: 1 | G69: 0 | H69: 0 | I69: 0 | J69: 0 | K69: Seek=0でランダム生成用
A70: 5 | B70: 0 | C70: 0 | D70: 8 | E70: =INDEX(Define!J:J,MATCH(D70,Define!I:I)) -> SelectActor | F70: 1 | G70: 0 | H70: 0 | I70: 252 | J70: 0 | K70: Seek=0でランダム生成用
A71: 5 | B71: 0 | C71: 0 | D71: 6 | E71: =INDEX(Define!J:J,MATCH(D71,Define!I:I)) -> Resource | F71: 4 | G71: 20 | H71: 0 | I71: 0 | J71: 0 | K71: Seek=0でランダム生成用
A72: 5 | B72: 0 | C72: 0 | D72: 6 | E72: =INDEX(Define!J:J,MATCH(D72,Define!I:I)) -> Resource | F72: 2 | G72: 30 | H72: 0 | I72: 0 | J72: 0 | K72: Seek=0でランダム生成用
A73: 5 | B73: 0 | C73: 0 | D73: 6 | E73: =INDEX(Define!J:J,MATCH(D73,Define!I:I)) -> Resource | F73: 1 | G73: 40 | H73: 0 | I73: 0 | J73: 0 | K73: Seek=0でランダム生成用
A74: 5 | B74: 1 | C74: 0 | D74: -1 | E74: =INDEX(Define!J:J,MATCH(D74,Define!I:I)) -> Random | F74: 100 | G74: 0 | H74: 0 | I74: 0 | J74: 0
A75: 5 | B75: 1 | C75: 1 | D75: -1 | E75: =INDEX(Define!J:J,MATCH(D75,Define!I:I)) -> Random | F75: 100 | G75: 0 | H75: 0 | I75: 0 | J75: 0
A76: 5 | B76: 2 | C76: 0 | D76: -1 | E76: =INDEX(Define!J:J,MATCH(D76,Define!I:I)) -> Random | F76: 100 | G76: 0 | H76: 0 | I76: 0 | J76: 0
A77: 5 | B77: 2 | C77: 1 | D77: -1 | E77: =INDEX(Define!J:J,MATCH(D77,Define!I:I)) -> Random | F77: 100 | G77: 0 | H77: 0 | I77: 0 | J77: 0
A78: 5 | B78: 2 | C78: 2 | D78: 9 | E78: =INDEX(Define!J:J,MATCH(D78,Define!I:I)) -> Shop | F78: 100 | G78: -1 | H78: 0 | I78: 0 | J78: 0 | K78: ショップ
A79: 5 | B79: 3 | C79: 0 | D79: -1 | E79: =INDEX(Define!J:J,MATCH(D79,Define!I:I)) -> Random | F79: 100 | G79: 0 | H79: 0 | I79: 0 | J79: 0
A80: 5 | B80: 3 | C80: 1 | D80: -1 | E80: =INDEX(Define!J:J,MATCH(D80,Define!I:I)) -> Random | F80: 100 | G80: 0 | H80: 0 | I80: 0 | J80: 0
A81: 5 | B81: 4 | C81: 0 | D81: 1 | E81: =INDEX(Define!J:J,MATCH(D81,Define!I:I)) -> Battle | F81: 100 | G81: 5041 | H81: 0 | I81: 5041 | J81: 0 | K81: 中ボス
A82: 5 | B82: 4 | C82: 1 | D82: 1 | E82: =INDEX(Define!J:J,MATCH(D82,Define!I:I)) -> Battle | F82: 100 | G82: 5042 | H82: 0 | I82: 5042 | J82: 2 | K82: 中ボスハード
A83: 5 | B83: 5 | C83: 0 | D83: 6 | E83: =INDEX(Define!J:J,MATCH(D83,Define!I:I)) -> Resource | F83: 100 | G83: 50 | H83: 0 | I83: 0 | J83: 0
A84: 5 | B84: 5 | C84: 1 | D84: 4 | E84: =INDEX(Define!J:J,MATCH(D84,Define!I:I)) -> Alcana | F84: 100 | G84: -1 | H84: 20 | I84: 0 | J84: 0 | K84: 魔法ランダムランク20
A85: 5 | B85: 6 | C85: 0 | D85: 2 | E85: =INDEX(Define!J:J,MATCH(D85,Define!I:I)) -> Boss | F85: 100 | G85: 5101 | H85: 0 | I85: 5101 | J85: 0 | K85: ボス戦
A86: 5 | B86: 6 | C86: 1 | D86: 2 | E86: =INDEX(Define!J:J,MATCH(D86,Define!I:I)) -> Boss | F86: 100 | G86: 5102 | H86: 0 | I86: 5102 | J86: 2 | K86: ボス戦ハード
A87: 5 | B87: 7 | C87: 0 | D87: 4 | E87: =INDEX(Define!J:J,MATCH(D87,Define!I:I)) -> Alcana | F87: 100 | G87: -1 | H87: 20 | I87: 0 | J87: 0 | K87: 魔法ランダムランク20
A88: 5 | B88: 7 | C88: 1 | D88: 4 | E88: =INDEX(Define!J:J,MATCH(D88,Define!I:I)) -> Alcana | F88: 100 | G88: -1 | H88: 210 | I88: 0 | J88: 0 | K88: レリック
A89: 6 | B89: 1 | C89: 0 | D89: 8 | E89: =INDEX(Define!J:J,MATCH(D89,Define!I:I)) -> SelectActor | F89: 100 | G89: 0 | H89: 0 | I89: 0 | J89: 0 | K89: 仲間自由選択
A90: 6 | B90: 1 | C90: 1 | D90: 9 | E90: =INDEX(Define!J:J,MATCH(D90,Define!I:I)) -> Shop | F90: 100 | G90: -1 | H90: 0 | I90: 0 | J90: 0 | K90: ショップ
A91: 6 | B91: 2 | C91: 0 | D91: 1 | E91: =INDEX(Define!J:J,MATCH(D91,Define!I:I)) -> Battle | F91: 100 | G91: 6021 | H91: 0 | I91: 6021 | J91: 0 | K91: 中ボス
A92: 6 | B92: 2 | C92: 1 | D92: 1 | E92: =INDEX(Define!J:J,MATCH(D92,Define!I:I)) -> Battle | F92: 100 | G92: 6022 | H92: 0 | I92: 6022 | J92: 0 | K92: 中ボス
A93: 6 | B93: 3 | C93: 0 | D93: 1 | E93: =INDEX(Define!J:J,MATCH(D93,Define!I:I)) -> Battle | F93: 100 | G93: 6031 | H93: 0 | I93: 6031 | J93: 0 | K93: 中ボス
A94: 6 | B94: 4 | C94: 0 | D94: 2 | E94: =INDEX(Define!J:J,MATCH(D94,Define!I:I)) -> Boss | F94: 100 | G94: 6101 | H94: 0 | I94: 6101 | J94: 0 | K94: ボス

Sheet SymbolGroup
A1: GroupId | B1: SymbolType | C1: _ | D1: Rate | E1: Param1 | F1: Param2 | G1: PrizeSetId
A2: 201 | B2: 1 | C2: =INDEX(Define!J:J,MATCH(B2,Define!I:I)) -> Battle | D2: 50 | E2: 2201 | F2: 0 | G2: 11020
A3: 201 | B3: 1 | C3: =INDEX(Define!J:J,MATCH(B3,Define!I:I)) -> Battle | D3: 50 | E3: 2201 | F3: 0 | G3: 11030
A4: 201 | B4: 1 | C4: =INDEX(Define!J:J,MATCH(B4,Define!I:I)) -> Battle | D4: 50 | E4: 2201 | F4: 0 | G4: 11040
A5: 202 | B5: 1 | C5: =INDEX(Define!J:J,MATCH(B5,Define!I:I)) -> Battle | D5: 50 | E5: 2202 | F5: 0 | G5: 12020
A6: 202 | B6: 1 | C6: =INDEX(Define!J:J,MATCH(B6,Define!I:I)) -> Battle | D6: 50 | E6: 2202 | F6: 0 | G6: 12030
A7: 202 | B7: 1 | C7: =INDEX(Define!J:J,MATCH(B7,Define!I:I)) -> Battle | D7: 50 | E7: 2202 | F7: 0 | G7: 12040
A8: 203 | B8: 1 | C8: =INDEX(Define!J:J,MATCH(B8,Define!I:I)) -> Battle | D8: 50 | E8: 2203 | F8: 0 | G8: 13020
A9: 203 | B9: 1 | C9: =INDEX(Define!J:J,MATCH(B9,Define!I:I)) -> Battle | D9: 50 | E9: 2203 | F9: 0 | G9: 13030
A10: 203 | B10: 1 | C10: =INDEX(Define!J:J,MATCH(B10,Define!I:I)) -> Battle | D10: 50 | E10: 2203 | F10: 0 | G10: 13040
A11: 204 | B11: 1 | C11: =INDEX(Define!J:J,MATCH(B11,Define!I:I)) -> Battle | D11: 50 | E11: 2204 | F11: 0 | G11: 14010
A12: 204 | B12: 1 | C12: =INDEX(Define!J:J,MATCH(B12,Define!I:I)) -> Battle | D12: 50 | E12: 2204 | F12: 0 | G12: 14020
A13: 204 | B13: 1 | C13: =INDEX(Define!J:J,MATCH(B13,Define!I:I)) -> Battle | D13: 50 | E13: 2204 | F13: 0 | G13: 14030
... A16: 205 | B16: 1 | C16: =INDEX(Define!J:J,MATCH(B16,Define!I:I)) -> Battle | D16: 50 | E16: 2205 | F16: 0 | G16: 15050

Sheet Tutorials
A1: Id | B1: Turns | C1: Timing | D1: SceneType | E1: X | F1: Y | G1: Width | H1: Height

Sheet TextData
A1: Id | B1: Text | C1: Help
A2: 0 | B2: A.D.xxxx 永遠の終結と秩序の確立 | C2: 人類最後の日。天から彗星が落とされる。 熱波は三日間続き、不義者の罪は浄化された。 すべて理想世界に生まれ変わる為に。
A3: 1 | B3: AD.4036 VR催眠コレクティブ | D3: VR史における人類最大の事件。 <詳細> 何者かが世界VR管理政策期に搭載したVR脳チップを悪用し催眠術によって集団自決を引き起こした事件。 国際指名手配されたが犯人の特定にはいたらなかった。 <死者数> 約2500 <備考> 死者は若年層に集中している。 本当の原因は落雷によるものだが 詳細は一切公表されていない。
A4: 2 | B4: AD.3256 ホワイトヴェールの静寂 | C4: 「失われた過去に幸あれ」 人類の歴史は自然災害との戦いである。 我々は幾多の災害を乗り越え今日を迎えている。 しかしそれは歴史的な事実に他ならない。 これら全て悪神アンリ・マユが送り出す悪魔によって起きているのだ。 Normは悪魔を駆逐する。 いくか迎える最期の審判を迎えるために。 | D4: 異常現象により豪雪が大和中越山間部を覆った大災害。 <詳細> 大雪により多くの建物が雪の重みに耐え切れず倒壊。 交通は寸断され救助活動が遅れ 孤立した地域では命を落とす者が相次いだ。 <死者数> 約5万超 <備考> 命名は救助活動が駆けつけた時の様子に由来する。
A5: 3 | B5: AD.2869北極星の大異変 | C5: 「失われた過去に幸あれ」 Normは過去を改編する。 霊体の魔法使い達は時間を超越し悪魔を駆逐する。 一人でも多くの犠牲がなくなることを願って。 | D5: 北極星の位置や動きが突然変異し 地球の気候や天候に大きな影響を及ぼした一連の出来事。 <詳細> 海面上昇や地殻変動が活発化し地震や火山噴火が頻発した。 <死者数> 約3万 <備考> 大和全土を含む全世界広域にて発生。
A6: 4 | B6: AD.2404 アソ・カタストロフ | C6: 「失われた過去に幸あれ」 Normは現実を修正する。 悪魔を駆逐することは歴史修正の旅路である。 自然災害の存在がなくなることで生命を 未来に続く進化と調和を果たすために。 | D6: 日本の九州地方で発生した破局噴火。 <詳細> 火砕流が発生し、火山灰によりライフラインが完全に停止した。 <死者数> 約7万 <備考> 死者は火山灰降雨を原因とするものを含む
A7: 5 | B7: AD.2087 南海トラフ巨大地震 | C7: 「失われた過去に幸あれ」 Normは未来を結合する。 死者の魂は最期の審判へ続く光の橋を渡って再生する。 悪のない悠久に続く理想世界へ導くために。 | D7: 日本の南東部のプレートを震源とする巨大地震。 <詳細> 初動による大津波の被害は少なかったが、その後の孤立集落、医療崩壊、食料不足などの原因により多くの災害関連死者が発生した。 <死者数> 約25万 <備考> 死者は災害関連死の他に病死・餓死も含む
A8: 6 | B8: AD.2011 魂が潰えた日 | C8: 「失われた過去に幸あれ」 Normは災害を消去する。 悪魔によって潰えた魂は救済機会を与うるに値する。 最期の審判を迎えた終末で すべての悪が滅した新世界で 永遠の生命を手に入れるか、それは貴方次第。 | D8: 大和の東海域で発生した巨大地震。 <詳細> 地震により大きな揺れや大津波・火災などにより多くの被害をもたらした。 <死者数> 約2万 <備考> 死者は震災関連死も含む
A9: 7 | B9: A.D.1995 阪神・淡路大震災 | C9: 日本の東海地方で発生した巨大地震。 <詳細> 大都市の直下で発生した「都市直下型地震」によりライフラインに深刻な被害を与えた。 <死者数> 約7300 <備考> 淡路島を震源とする
A10: 8 | B10: A.D.1923 関東大震災 | C10: 日本の関東地方で発生した巨大地震。 <詳細> 地震により家屋の倒壊が強風により火災が広範囲に発生した。 <死者数> 約10万超 <備考> 死者は行方不明者も含む
A11: 10001 | B11: ?????? | C11: ""
A12: 10002 | B12: 回路を解析し使途を殲滅する | C12: ""
A13: 10003 | B13: 救済執行に成功しつづける | C13: ""

Sheet Define
A1: Timing | D1: Type | I1: SymbolType
A2: 0 | B2: なし | D2: 0 | E2: なし | I2: -1 | J2: Random
A3: 1 | B3: Tactics開始 | D3: 1 | E3: コマンドを制限する | I3: 0
A4: 2 | B4: Strategy開始 | D4: 2 | E4: バトルをチュートリアルで固定する | I4: 1 | J4: Battle
A5: 3 | B5: Battle開始 | D5: 3 | E5: 全員コマンドを選ばないと進まない | I5: 2 | J5: Boss
A6: 4 | B6: Battleコマンド後 | D6: 4 | E6: 隷従属度フラグを管理 | I6: 3 | J6: Recover
A7: 5 | B7: 神化した後 | D7: 5 | E7: アルカナフラグを管理 | I7: 4 | J7: Alcana
A8: 11 | B8: Tactics開始(UI表示前) | D8: 6 | E8: 仲間を選んで加入する | I8: 5 | J8: Actor
D9: 7 | E9: セーブを行う | I9: 6 | J9: Resource
D10: 8 | E10: ボスの選択番号を設定する | I10: 7 | J10: Rebirth
D11: 9 | E11: SPを消費しないと進まない | I11: 8 | J11: SelectActor
D12: 11 | E12: ADV再生 | I12: 9 | J12: Shop
D13: 12 | E13: IDにActorIDを加算してADV再生 | I13: 99 | J13: Group
D14: 13 | E14: ルート分岐イベント
D15: 14 | E15: ルート分岐パラメータ設定
D16: 15 | E16: ルート分岐ステージ移動
D17: 21 | E17: ステージクリア
D18: 31 | E18: ルート分岐でステージに移動
D19: 32 | E19: ルート分岐敵グループを生成
D20: 33 | E20: 表示残りターンをマスターから取得
D21: 41 | E21: 継承スキル演出開始
D22: 51 | E22: ステージ移動
D23: 61 | E23: 中ボスを設置する(コマンド制限判定あり)
D24: 62 | E24: 上位者ボスを設置する(コマンド制限判定あり)
D25: 201 | E25: サバイバルモードにする
